timestamp,user,source_ip,location,latitude,longitude,success
2025-10-29 08:00:00,alice,10.0.1.100,New York USA,40.7128,-74.0060,true
2025-10-29 08:15:00,bob,10.0.2.50,Houston USA,29.7604,-95.3698,true
2025-10-29 09:00:00,alice,192.168.5.22,London UK,51.5074,-0.1278,true
2025-10-29 09:30:00,charlie,172.16.3.10,Chicago USA,41.8781,-87.6298,true
2025-10-29 10:00:00,bob,10.0.2.51,Houston USA,29.7604,-95.3698,true
2025-10-29 10:30:00,alice,10.0.1.101,New York USA,40.7128,-74.0060,true
2025-10-29 11:00:00,janitor,192.168.100.5,Moscow Russia,55.7558,37.6173,false
2025-10-29 11:15:00,janitor,10.0.3.200,Austin USA,30.2672,-97.7431,true
2025-10-29 12:00:00,charlie,172.16.3.11,Chicago USA,41.8781,-87.6298,true
2025-10-29 14:00:00,bob,203.0.113.50,Sydney Australia,-33.8688,151.2093,true
